,Name,Department,Age,Salary,PerformanceScore
count,8,8,8.0,8.0,8.0
unique,8,4,,,
top,Robin,Sales,,,
freq,1,3,,,
mean,,,40.875,43875.0,86.875
std,,,10.696294418428948,7717.096048940393,7.567552916422662
min,,,28.0,35000.0,76.0
25%,,,31.75,36750.0,81.75
50%,,,40.0,43500.0,87.5
75%,,,47.25,49500.0,92.25
max,,,57.0,56000.0,98.0
